model,epochs,steps,ctx,d_model,hidden,lr,seed,train_loss,val_loss,val_acc,seconds
mlp,1,120,16,16,24,0.030000,42,3.523100,3.437835,0.180328,0.003200
lstm,1,120,16,16,24,0.030000,42,3.539598,3.469620,0.180328,0.031312
transformer,1,120,16,16,24,0.030000,42,3.557844,3.486626,0.180328,0.002918
mamba,1,120,16,16,24,0.030000,42,3.541954,3.452085,0.180328,0.007650
mlp,2,300,16,16,24,0.030000,42,3.316273,3.078325,0.180328,0.026497
lstm,2,300,16,16,24,0.030000,42,3.373384,3.172548,0.180328,0.147415
transformer,2,300,16,16,24,0.030000,42,3.380722,3.195895,0.180328,0.012174
mamba,2,300,16,16,24,0.030000,42,3.361045,3.105917,0.131148,0.037992
